{"cameraMode":{"drawMode":0,"name":"Shaded","section":"Shading Mode"},"sceneLighting":true,"audioPlay":false,"sceneViewState":{"showFog":false,"showMaterialUpdate":false,"showSkybox":false,"showFlares":false,"showImageEffects":false,"showParticleSystems":false},"in2DMode":false,"pivot":{"x":1.2076135873794556,"y":2.101196050643921,"z":0.45896220207214358},"rotation":{"x":-0.039767712354660037,"y":0.9368013143539429,"z":-0.11324556916952133,"w":-0.32875800132751467},"size":1.9942877292633057,"orthographic":false}